Study ID,Study,Citation,Year,Domain,System Type,Deployment Status,Venue Type,QA score,QA pass,ENV content,DES content,SOC content,Elicitation present,Specification present,Operationalization present,Validation/testing present,Monitoring present,Revision present,Spec explicitness/testability,Fairness notions,Failure modes,Gap summary (1 sentence)
P001,P001 - Pedreschi2008,Pedreschi2008,2008,Lending,Decision support,Conceptual,Conference,7,Pass,Yes,Yes,Yes,No,Yes,Yes,Yes,No,No,Explicit + testable,"Contextual/legal compliance, Other, Procedural fairness","Drift not addressed, No revision process/ownership, Other","Provides a formal, testable operationalization of discrimination in rule-based data mining (??/strong ??-protection) including proxy-based redlining via background knowledge, but does not cover deployment-time monitoring or revision of fairness requirements over time."
P002,P002 - Finkelstein2008,Finkelstein2008,2008,General,Decision support,Prototype,Conference,7.5,Pass,Yes,Yes,Yes,No,Yes,Yes,Yes,No,No,Explicit + testable,"Other, Procedural fairness","Drift not addressed, No revision process/ownership, No thresholds / acceptance criteria, Other","Analyzes fairness as multi-stakeholder trade-offs in requirements assignment using multi-objective optimisation and empirical validation, but does not define monitoring or revision mechanisms to keep fairness criteria valid over time."
P003,P003 - Torralba2011,Torralba2011,2008,General,Decision support,Prototype,Conference,7.5,Pass,Yes,Yes,Yes,No,Yes,Yes,Yes,No,No,Explicit + testable,"Other, Procedural fairness","Drift not addressed, No revision process/ownership, No thresholds / acceptance criteria, Other","Analyzes fairness as multi-stakeholder trade-offs in requirements assignment using multi-objective optimisation and empirical validation, but does not define monitoring or revision mechanisms to keep fairness criteria valid over time."
P004,P004 - Dwork2012,Dwork2012,2012,General,Classification,Conceptual,Conference,9,Pass,Yes,Yes,Yes,No,Yes,Yes,No,No,No,Explicit + testable,"Contextual/legal compliance, Individual consistency, Other, Outcome parity, Procedural fairness","Drift not addressed, No revision process/ownership, No thresholds / acceptance criteria, Other","Provides a precise, testable formalization of individual fairness (task-specific metric + Lipschitz constraint) and connects it to group parity and privacy, but does not specify deployment-time monitoring or a concrete revision process to maintain fairness as contexts and norms evolve."
P005,P005 - Kamiran2012,Kamiran2012,2012,General,Classification,Prototype,Journal,9.5,Pass,Yes,Yes,Yes,No,Yes,Yes,Yes,No,No,Explicit + testable,"Contextual/legal compliance, Other, Outcome parity","Drift not addressed, No revision process/ownership, No thresholds / acceptance criteria, Other","Provides a rigorous, testable operationalization of non-discrimination for binary sensitive attributes and effective preprocessing techniques with empirical evaluation, but does not define deployment-time monitoring or revision mechanisms to maintain non-discrimination under drift or changing contexts."
P006,P006 - Kamishima2012,Kamishima2012,2012,General,Classification,Prototype,Conference,9.5,Pass,Yes,Yes,Yes,No,Yes,Yes,Yes,No,No,Explicit + testable,"Contextual/legal compliance, Other, Outcome parity, Procedural fairness","Drift not addressed, No revision process/ownership, No thresholds / acceptance criteria, Other","Provides a precise, testable operationalization of unfairness as statistical dependence (PI/NPI) and an efficient regularization mechanism to reduce indirect discrimination with evaluated accuracy??fairness trade-offs, but does not address deployment-time monitoring or revision to maintain fairness under drift or changing contexts."
P007,P007 - Sweeney2013,Sweeney2013,2013,Hiring,Decision support,Deployed,Conference,9,Pass,Yes,Yes,Yes,No,Yes,Yes,Yes,No,No,Explicit + testable,"Contextual/legal compliance, Other, Outcome parity, Procedural fairness","Drift not addressed, No revision process/ownership, Other","Provides a concrete, legally grounded, testable operationalization of disparate impact in ad delivery (80% rule + statistical tests) and proposes embedding it into ad exchange scoring, but does not specify ongoing monitoring/revision processes to maintain fairness as ads, user behavior, and platforms evolve."
P008,P008 - Zemel2013,Zemel2013,2013,General,Classification,Prototype,Conference,9.5,Pass,Yes,Yes,Yes,No,Yes,Yes,Yes,No,No,Explicit + testable,"Individual consistency, Other, Outcome parity","Drift not addressed, No revision process/ownership, No thresholds / acceptance criteria, Other","Provides an explicit, testable operationalization of fair representations that obfuscate protected membership while preserving predictive information and supports accuracy??fairness trade-offs via optimization, but does not specify acceptance thresholds or post-deployment monitoring/revision mechanisms to maintain fairness over time."
P009,P009 - Feldman2015,Feldman2015,2015,Hiring,Decision support,Prototype,Conference,9.5,Pass,Yes,Yes,Yes,No,Yes,Yes,Yes,No,No,Explicit + testable,"Contextual/legal compliance, Other, Outcome parity","Drift not addressed, Governance absent, No revision process/ownership, Other","Provides legally grounded, explicit and testable disparate-impact requirements (t=0.8) plus certification and data-repair procedures with quantified fairness??utility trade-offs, but does not specify ongoing monitoring or revision mechanisms to keep fairness requirements valid over time."
P010,P010 - Hardt2016,Hardt2016,2016,Lending,Classification,Prototype,Conference,10,Pass,Yes,Yes,Yes,No,Yes,Yes,Yes,No,No,Explicit + testable,"Contextual/legal compliance, Error parity, Other, Outcome parity","Drift not addressed, Governance absent, No revision process/ownership, Other","Provides explicit, testable fairness requirements (equalized odds/opportunity) and efficient post-processing procedures (including randomized thresholds) to satisfy them with quantified utility trade-offs, but does not address continuous monitoring or revision to maintain these requirements under shifting data and outcomes over time."
P011,P011 - Zhang2016Causal,Zhang2016Causal,2016,Lending,Decision support,Prototype,Preprint,9.5,Pass,Yes,Yes,Yes,No,Yes,Yes,Yes,No,No,Explicit + testable,"Contextual/legal compliance, Other, Procedural fairness","Drift not addressed, Governance absent, No revision process/ownership, Other","Provides an explicit, legally grounded causal specification of direct and indirect discrimination (path-specific effects with threshold ??) and a data repair method that prevents discrimination in downstream model predictions, but does not define monitoring or revision processes to maintain these guarantees as data and causal structure evolve over time."
P012,P012 - GrgicHlaca2016,GrgicHlaca2016,2016,Policing,Classification,Prototype,Workshop,9.5,Pass,Yes,Yes,Yes,Yes,Yes,Yes,Yes,No,No,Explicit + testable,"Error parity, Other, Outcome parity, Procedural fairness","Drift not addressed, Governance absent, No revision process/ownership, No thresholds / acceptance criteria, Other","Provides explicit, testable process-fairness requirements grounded in stakeholder judgments for feature selection and quantifies trade-offs with outcome fairness and accuracy on COMPAS, but lacks acceptance thresholds and does not address monitoring or revision to keep process fairness valid as norms and data shift over time."
P013,P013 - BarocasSelbst2016,BarocasSelbst2016,2016,Hiring,Decision support,Conceptual,Journal,9,Pass,Yes,Yes,Yes,No,Yes,Yes,No,No,No,Explicit not testable,"Contextual/legal compliance, Other, Procedural fairness","Governance absent, Missing context assumptions, No revision process/ownership, Other","Provides a legally grounded taxonomy linking data-mining pipeline choices to disparate impact risks and doctrinal criteria (including the EEOC four-fifths guideline and business necessity analysis), but offers no concrete, testable engineering acceptance criteria or lifecycle monitoring/revision mechanisms to maintain fairness over time."
P014,P014 - Zafar2017a,Zafar2017a,2017,General,Classification,Prototype,Conference,9.5,Pass,Yes,Yes,Yes,No,Yes,Yes,Yes,No,No,Explicit + testable,"Contextual/legal compliance, Other, Outcome parity","Drift not addressed, Governance absent, No revision process/ownership, Other","Provides explicit, testable fairness requirements (p%-rule and covariance proxy) and convex training procedures that encode disparate impact and business necessity as optimization constraints, but does not address post-deployment monitoring or revision to maintain these constraints under drift or changing norms."
P015,P015 - Zafar2017b,Zafar2017b,2017,Policing,Classification,Prototype,Conference,9.5,Pass,Yes,Yes,Yes,No,Yes,Yes,Yes,No,No,Explicit + testable,"Contextual/legal compliance, Error parity, Other","Drift not addressed, Governance absent, No revision process/ownership, Other","Provides explicit, testable fairness requirements based on equalizing misclassification rates (disparate mistreatment) and a training-time constraint mechanism (DCCP with covariance threshold c) validated on synthetic and COMPAS data, but does not address post-deployment monitoring or revision to maintain error-rate parity under drift or changing contexts."
P016,P016 - Zafar2017c,Zafar2017c,2017,Policing,Classification,Prototype,Conference,9.5,Pass,Yes,Yes,Yes,No,Yes,Yes,Yes,No,No,Explicit + testable,"Contextual/legal compliance, Other, Outcome parity","Drift not addressed, Governance absent, No revision process/ownership, Other","Provides explicit, testable preference-based fairness requirements (preferred treatment and preferred impact) that operationalize fairness as group-level ??no-regret?? benefit comparisons and implement them via DCCP-constrained margin-based classifiers validated on synthetic and real datasets, but does not address post-deployment monitoring or revision to maintain these preferences under drift or changing contexts."
P017,P017 - GrgicHlaca2017Randomness,GrgicHlaca2017Randomness,2017,Policing,Classification,Conceptual,Preprint,9,Pass,Yes,Yes,Yes,No,Yes,Yes,Yes,No,No,Explicit + testable,"Other, Outcome parity, Procedural fairness","Drift not addressed, Governance absent, No revision process/ownership, Other","Shows that randomness via classifier ensembles can preserve or even improve standard parity-based fairness and accuracy??fairness trade-offs and motivates distributional (intra-group) fairness requirements, but provides no lifecycle monitoring or revision mechanisms to maintain these fairness properties under drift or changing contexts."
P018,P018 - CorbettDavies2017,CorbettDavies2017,2017,Policing,Decision support,Prototype,Conference,10,Pass,Yes,Yes,Yes,No,Yes,Yes,Yes,No,No,Explicit + testable,"Contextual/legal compliance, Error parity, Other, Outcome parity","Drift not addressed, Governance absent, No revision process/ownership, Other","Provides explicit, testable formulations of common fairness constraints and proves utility-optimal (often race-specific) threshold decision rules, empirically quantifying substantial public-safety trade-offs on Broward County data, but does not address post-deployment monitoring or revision of fairness requirements under shifting data or governance contexts."
P019,P019 - Galhotra2017,Galhotra2017,2017,General,Decision support,Prototype,Conference,9,Pass,Yes,Yes,Yes,No,Yes,Yes,Yes,No,No,Explicit + testable,"Individual consistency, Other, Outcome parity, Procedural fairness","Drift not addressed, Governance absent, No revision process/ownership, Other","Provides explicit, testable fairness/discrimination specifications and an automated fairness testing method (Themis) that quantifies causal and group discrimination (including in subdomains) across many software instances, but focuses on pre-deployment testing and does not define post-deployment monitoring or revision governance."
P020,P020 - Kusner2017,Kusner2017,2017,Lending,Classification,Prototype,Conference,10,Pass,Yes,Yes,Yes,No,Yes,Yes,Yes,No,No,Explicit + testable,"Contextual/legal compliance, Individual consistency, Other","Drift not addressed, Governance absent, Missing context assumptions, No revision process/ownership, No thresholds / acceptance criteria, Other","Provides an explicit causal specification of fairness (counterfactual invariance under protected-attribute interventions) and an operational recipe to train predictors from causal-model-derived non-descendants/latent variables with demonstrated accuracy??fairness trade-offs, but lacks deployment-time monitoring and explicit governance for revising causal assumptions under drift or changing social context."
P021,P021 - Ensign2018,Ensign2018,2018,Policing,Decision support,Prototype,Conference,8,Pass,Yes,Yes,Yes,No,Yes,Yes,Yes,No,No,Explicit not testable,"Other, Procedural fairness","Drift not addressed, Governance absent, No revision process/ownership, No thresholds / acceptance criteria, Other","Provides a formal and empirically demonstrated explanation of why predictive policing can create runaway feedback loops and proposes a black-box input-filtering remedy, but does not specify fairness requirements as explicit acceptance thresholds nor provide monitoring/revision governance for maintaining fairness over time."
P022,P022 - GrgicHlaca2018Procedural,GrgicHlaca2018Procedural,2018,Policing,Classification,Prototype,Conference,9.5,Pass,Yes,Yes,Yes,Yes,Yes,Yes,Yes,No,No,Explicit + testable,"Error parity, Other, Procedural fairness","Drift not addressed, Governance absent, No revision process/ownership, Other","Defines and operationalizes procedurally fair learning as explicit, testable constraints over feature sets grounded in human moral judgments and optimizes fairness??accuracy trade-offs, but does not address deployment-time monitoring or revision processes to keep procedural fairness requirements valid over time."
P023,P023 - Udeshi2018,Udeshi2018,2018,General,Classification,Prototype,Conference,8.5,Pass,Yes,Yes,Yes,No,Yes,Yes,Yes,No,No,Explicit + testable,"Individual consistency, Other","Drift not addressed, Governance absent, No revision process/ownership, Other","Provides an explicit, testable operationalization of individual fairness violation (discriminatory input pairs over sensitive attributes with a tunable discrimination threshold) and an automated testing-and-retraining pipeline, but does not address post-deployment monitoring or revision processes to keep fairness requirements valid over time."
P027,P027 - Binns2018,Binns2018,2018,General,Decision support,Conceptual,Conference,7.5,Pass,Yes,Yes,Yes,No,Yes,Yes,No,No,No,Explicit not testable,,"Drift not addressed, Missing context assumptions, No revision process/ownership, No thresholds / acceptance criteria, Other","Provides a cross-disciplinary (political philosophy) grounding that clarifies why fairness metrics encode contested normative commitments and must be chosen contextually, but does not supply testable acceptance thresholds, validation protocols, or monitoring/revision mechanisms to maintain fairness requirements over time."
P028,P028 - Elzayn2019,Elzayn2019,2019,Policing,Decision support,Prototype,Conference,8.5,Pass,Yes,Yes,Yes,No,Yes,Yes,Yes,No,No,Explicit + testable,,"Missing context assumptions, No revision process/ownership, Other","Defines explicit, testable fairness constraints for resource allocation (via discovery probability) and provides learning algorithms with finite-sample guarantees under censored feedback plus empirical evaluation on predictive policing data, but does not address stakeholder elicitation, production monitoring, or revision governance for maintaining fairness requirements over time."
P029,P029 - Hu2019,Hu2019,2019,General,Classification,Conceptual,Conference,8.5,Pass,Yes,Yes,Yes,No,Yes,Yes,Yes,No,No,Explicit + testable,"Other, Procedural fairness","Drift not addressed, Governance absent, No revision process/ownership, No thresholds / acceptance criteria, Other","Provides an explicit, formal analysis of how unequal costs of strategic manipulation produce inequality-reinforcing errors and can make even well-intentioned interventions (subsidies) harmful, but does not provide elicitation artifacts, operational fairness acceptance thresholds, or monitoring/revision governance for maintaining fairness requirements over time."
P030,P030 - Milli2019,Milli2019,2019,Lending,Classification,Conceptual,Conference,8.5,Pass,Yes,Yes,Yes,No,Yes,Yes,Yes,No,No,Explicit + testable,"Contestability/recourse, Other, Procedural fairness","Governance absent, No revision process/ownership, Other","Defines measurable constructs (social burden and social gap) showing that improving strategic robustness increases costs borne by positive individuals and can widen disparities for disadvantaged groups, but does not provide stakeholder elicitation artifacts or deployment-time monitoring/revision mechanisms to govern these requirements over time."
P031,P031 - Ustun2019,Ustun2019,2019,Healthcare,Classification,Prototype,Conference,8.5,Pass,Yes,Yes,Yes,No,Yes,Yes,Yes,No,No,Explicit + testable,"Other, Procedural fairness","Drift not addressed, Governance absent, No revision process/ownership, Other","Provides explicit, testable preference-based fairness requirements (rationality and envy-freeness) and an adaptive decoupling procedure with finite-sample guarantees and empirical validation, but does not address deployment-time monitoring, drift handling, or revision governance to keep these requirements valid over time."
P032,P032 - Cotter2019,Cotter2019,2019,General,Classification,Prototype,Journal,8.5,Pass,Yes,Yes,Yes,No,Yes,Yes,Yes,No,No,Explicit + testable,"Error parity, Other, Outcome parity","Drift not addressed, Governance absent, No revision process/ownership, Other","Provides an explicit, testable constraint-based specification of fairness and other policy goals (rate constraints) plus optimization/verification procedures with theoretical guarantees and extensive experiments, but does not address post-deployment monitoring, drift handling, or revision governance to keep such constraints valid over time."
P033,P033 - Golz2019,Golz2019,2019,Lending,Decision support,Conceptual,Conference,8.5,Pass,Yes,Yes,Yes,No,Yes,Yes,Yes,No,No,Explicit + testable,"Error parity, Other","Drift not addressed, Governance absent, No revision process/ownership, Other","Shows that under explicit resource/cardinality constraints, equalized odds can coexist with resource monotonicity but is severely incompatible with consistency and population monotonicity (forcing near-uniform allocations and large efficiency loss), highlighting governance-relevant paradoxes yet offering no deployment-time monitoring or revision mechanisms."
P034,P034 - Passi2019,Passi2019,2019,Lending,Decision support,Deployed,Conference,9.5,Pass,Yes,Yes,Yes,Yes,Yes,Yes,Yes,No,No,Explicit not testable,"Contextual/legal compliance, Other, Procedural fairness","Governance absent, Missing context assumptions, No thresholds / acceptance criteria, Other","Shows via ethnography that fairness is strongly determined by upstream problem formulation (targets, proxies, thresholds like credit score >500) negotiated under organizational/legal constraints, but provides no formal fairness metrics, acceptance criteria, or lifecycle monitoring/revision mechanisms for maintaining fairness requirements over time."
P035,P035 - Selbst2019,Selbst2019,2019,General,Multi-task/Other,Conceptual,Conference,8.5,Pass,Yes,Yes,Yes,No,Yes,Yes,Yes,No,No,Explicit not testable,"Contestability/recourse, Contextual/legal compliance, Other, Procedural fairness","Drift not addressed, Governance absent, Missing context assumptions, No thresholds / acceptance criteria, Other","Argues that treating fairness as a portable, formal property of a technical subsystem creates predictable ??abstraction traps?? that can invalidate fairness guarantees in real sociotechnical contexts, motivating process- and governance-oriented requirements approaches but offering no concrete metrics, monitoring, or revision procedures."
P036,P036 - Creager2019,Creager2019,2019,General,Classification,Prototype,Conference,8.5,Pass,Yes,Yes,No,No,Yes,Yes,Yes,No,No,Explicit + testable,"Other, Outcome parity","Drift not addressed, Governance absent, No revision process/ownership, Other","Provides a formal, testable operationalization of multi-attribute subgroup demographic parity via flexibly fair representations and offline audits, but does not address sociotechnical governance, deployment-time monitoring, or how fairness validity is maintained under distribution shift."
P037,P037 - Zhang2019TKDE,Zhang2019TKDE,2019,General,Decision support,Prototype,Journal,8.5,Pass,Yes,Yes,No,No,Yes,Yes,Yes,No,No,Explicit + testable,"Contextual/legal compliance, Other, Outcome parity","Drift not addressed, Governance absent, No revision process/ownership, Other","Provides a causal, testable specification of direct and indirect discrimination (path-specific effects with legal threshold t) and utility-preserving removal algorithms with bounds for unidentifiable cases, but does not address sociotechnical governance or how fairness requirements remain valid under deployment-time drift."
P038,P038 - Wick2019,Wick2019,2019,General,Classification,Prototype,Conference,8.5,Pass,Yes,Yes,No,No,Yes,Yes,Yes,No,No,Explicit + testable,"Other, Outcome parity","Drift not addressed, Governance absent, No revision process/ownership, No thresholds / acceptance criteria, Other","Shows that apparent fairness??accuracy trade-offs can disappear when evaluation accounts for label/selection bias and proposes a semi-supervised fairness-constraint method that can improve both, but does not provide deployment-time monitoring or explicit acceptance thresholds/governance for maintaining fairness requirements over time."
P039,P039 - Polyzotis2019,Polyzotis2019,2019,General,Multi-task/Other,Deployed,Conference,8,Pass,Yes,Yes,Yes,No,Yes,Yes,Yes,Yes,Yes,Explicit + testable,"Other, Procedural fairness","Drift not addressed, Monitoring without triggers, No thresholds / acceptance criteria, Other","Presents a production-deployed, schema-driven data validation and model unit-testing framework (TFDV/TFX) that operationalizes continuous monitoring for anomalies, drift, and training-serving skew with actionable alerts and schema co-evolution, but it does not explicitly connect data validation to fairness/protected-group harms or define governance beyond schema ownership/versioning."
P040,P040 - Atwood2019,Atwood2019,2019,Healthcare,Multi-task/Other,Conceptual,Preprint,8.5,Pass,Yes,Yes,Yes,No,Yes,Yes,Yes,No,No,Explicit + testable,"Other, Outcome parity","Drift not addressed, Governance absent, No revision process/ownership, No thresholds / acceptance criteria","Defines and operationalizes outcome fairness for sequential vaccine allocation in networks (equalizing expected disease burden across individuals/communities/centrality strata) via simulation + LP-constrained policies, but provides no acceptance thresholds, monitoring signals, or revision/governance process for sustaining fairness over time."
P041,P041 - Foulds2020,Foulds2020,2020,General,Classification,Conceptual,Other,9,Pass,Yes,Yes,Yes,No,Yes,Yes,No,No,No,Explicit not testable,"Contextual/legal compliance, Error parity, Individual consistency, Other, Outcome parity, Procedural fairness","Drift not addressed, Governance absent, Missing context assumptions, No revision process/ownership, Other","Provides a structured, cross-disciplinary argument and guideline checklist for when parity-based fairness metrics are appropriate, but does not operationalize end-to-end lifecycle governance (monitoring signals, triggers, ownership) or empirical acceptance criteria beyond disparate-impact style thresholds."
P042,P042 - Fu2020,Fu2020,2020,Other,Recommender,Prototype,Conference,8.5,Pass,Yes,Yes,Yes,No,Yes,Yes,Yes,No,No,Explicit + testable,"Individual consistency, Other, Outcome parity, Procedural fairness","Drift not addressed, Governance absent, No revision process/ownership, Other","Provides explicit, testable group/individual fairness metrics and a constrained reranking/optimization method for KG-based explainable recommendation (active vs inactive users), validated on multiple datasets, but does not address post-deployment monitoring, drift handling, or revision governance to keep fairness requirements valid over time."
P043,P043 - DAmour2020,DAmour2020,2020,General,Decision support,Conceptual,Conference,9,Pass,Yes,Yes,Yes,No,Yes,Yes,Yes,No,No,Explicit not testable,"Contextual/legal compliance, Error parity, Other, Procedural fairness","Drift not addressed, Governance absent, Monitoring without triggers, No revision process/ownership, Other","Demonstrates via simulation that fairness properties and audits can break under feedback dynamics (e.g., per-step EO not matching aggregate TPR, discovered vs missed incident non-equivalence) and provides an extensible simulation framework, but does not specify deployment-time monitoring triggers/ownership or acceptance thresholds for operational fairness requirements."
P044,P044 - Creager2020,Creager2020,2020,General,Decision support,Conceptual,Conference,9.5,Pass,Yes,Yes,Yes,No,Yes,Yes,Yes,No,No,Explicit not testable,"Contextual/legal compliance, Error parity, Individual consistency, Other, Procedural fairness","Drift not addressed, Governance absent, Missing context assumptions, Monitoring without triggers, No revision process/ownership, Other","Provides a causal-SCM framework to specify and evaluate fairness interventions in dynamical systems (including off-policy estimation from observational data and simulation/sensitivity when dynamics are known), but does not define deployment-time monitoring/revision governance for keeping fairness requirements valid in production systems."
P045,P045 - Mitchell2021,Mitchell2021,2021,General,Classification,Conceptual,Journal,10,Pass,Yes,Yes,Yes,Yes,Yes,Yes,Yes,Yes,Yes,Explicit + testable,"Error parity, Individual consistency, Other, Outcome parity, Procedural fairness","Missing context assumptions, Other","Offers a comprehensive, consistent catalog of fairness definitions and the often-implicit assumptions behind prediction-based decision-making (including data/measurement and policy framing), highlighting impossibility trade-offs and urging documentation and community oversight, but does not provide an end-to-end operational method for turning these considerations into concrete, monitored fairness requirements for a deployed system."
P046,P046 - Vasudevan2020,Vasudevan2020,2020,Other,Classification,Deployed,Conference,10,Pass,Yes,Yes,Yes,Yes,Yes,Yes,Yes,Yes,Yes,Explicit + testable,"Error parity, Individual consistency, Other, Outcome parity, Procedural fairness","Missing context assumptions, Monitoring without triggers, Other, Unstable subgroup definitions","Provides an end-to-end, production-oriented framework (LiFT) for scalable fairness measurement integrated across the ML lifecycle with statistical significance testing and monitoring signals, but leaves key governance questions (who sets fairness thresholds, how to resolve conflicting metrics, and when/how to trigger mitigation or rollback) largely to organizational stakeholder processes rather than specifying concrete operational requirements."
P047,P047 - Schumann2021,Schumann2021,2021,Other,CV,Prototype,Conference,10,Pass,Yes,Yes,Yes,Yes,Yes,Yes,Yes,No,No,Explicit + testable,"Error parity, Other, Procedural fairness","Missing context assumptions, Other, Unstable subgroup definitions","Introduces MIAP, an exhaustive person-annotation subset of Open Images with perceived gender-presentation and age-range labels designed for fairness research, showing how partial annotation pipelines can encode societal norms and create systematic missing ground truth, but it does not provide deployment-time monitoring/revision governance and explicitly restricts use of these labels to fairness research rather than building gender/age classifiers."
P048,P048 - Krishnaswamy2021,Krishnaswamy2021,2021,General,Classification,Prototype,Conference,8.5,Pass,Yes,Yes,Yes,No,Yes,Yes,Yes,No,No,Explicit + testable,"Error parity, Individual consistency, Other, Outcome parity","No revision process/ownership, No thresholds / acceptance criteria, Other, Unstable subgroup definitions","Proposes best-effort group fairness guarantees that compare each group??s performance to the best achievable on that group (PF for all subgroups, BeFair for structured subgroup classes), showing empirically improved worst-group fidelity versus ERM, but it remains largely an offline optimization/evaluation approach without operational monitoring or governance processes for maintaining guarantees over time."
P049,P049 - Agarwal2021,Agarwal2021,2021,Other,Multi-task/Other,Prototype,Conference,8.5,Pass,Yes,Yes,Yes,No,Yes,Yes,Yes,No,No,Explicit + testable,"Error parity, Individual consistency, Other, Outcome parity","Drift not addressed, No revision process/ownership, No thresholds / acceptance criteria, Other","NIFTY unifies counterfactual fairness and stability for GNN representations via augmentation-based objectives and Lipschitz-normalized message passing, demonstrating strong offline improvements on fairness and robustness metrics in high-stakes graph datasets, but it does not specify operational acceptance thresholds or monitoring/revision governance for maintaining these properties after deployment."
P050,P050 - Yeom2021,Yeom2021,2021,General,Classification,Conceptual,Conference,8.5,Pass,Yes,Yes,Yes,No,Yes,Yes,Yes,No,No,Explicit + testable,"Contextual/legal compliance, Error parity, Other, Outcome parity","Missing context assumptions, No thresholds / acceptance criteria, Other","Provides a construct-and-worldview lens for selecting among fairness tests by defining disparity amplification and proving when demographic parity or equalized odds prevent it (under WAE vs WYSIWYG), while showing predictive parity and calibration can still permit amplification, but it remains a theoretical diagnostic framework without empirical case studies or operational monitoring/governance guidance for choosing worldview parameters like ?? in practice."
P051,P051 - Chen2021,Chen2021,2021,Hiring,CV,Prototype,Conference,8.5,Pass,Yes,Yes,Yes,No,Yes,Yes,Yes,No,No,Explicit + testable,"Error parity, Individual consistency, Other","Missing context assumptions, No revision process/ownership, No thresholds / acceptance criteria, Other","Shows that facial-expression datasets can encode systematic annotation bias (not just composition bias), which models learn and amplify (notably for happy/angry across gender), and proposes AUC-FER using AU-calibrated triplet loss to mitigate this without relabeling, but it does not address deployment-time monitoring/governance or how to set acceptance thresholds for discrimination in real hiring/emotion-analysis systems."
P052,P052 - Karkkainen2021,Karkkainen2021,2021,General,CV,Prototype,Conference,9,Pass,Yes,Yes,Yes,Yes,Yes,Yes,Yes,No,Yes,Explicit + testable,"Error parity, Other, Outcome parity","Drift not addressed, Missing context assumptions, No revision process/ownership, No thresholds / acceptance criteria, Other","Introduces FairFace, a large in-the-wild face attribute dataset balanced across 7 race groups plus gender and age to reduce representation bias and enable more consistent subgroup accuracy and auditing of commercial APIs, but it does not provide deployment-time monitoring/governance for ongoing bias, nor does it define explicit acceptance thresholds for subgroup disparity beyond reporting metrics like ?? and STD."
P053,P053 - Zhao2023,Zhao2023,2023,General,Classification,Prototype,Conference,8.5,Pass,Yes,Yes,Yes,No,Yes,Yes,Yes,No,No,Explicit + testable,"Error parity, Other, Outcome parity, Procedural fairness","Drift not addressed, Governance absent, No thresholds / acceptance criteria, Other","Defines and operationalizes procedure-oriented fairness via explanation-quality gap metrics (??REF/??VEF) and proposes CFA to jointly optimize utility, traditional group fairness, and explanation fairness, but it relies on design choices like top-K thresholds, fidelity and explainer selection (which may vary across domains) and does not specify deployment-time monitoring or governance for explanation fairness over time."
P054,P054 - Do2022,Do2022,2022,General,Recommender,Conceptual,Conference,8.5,Pass,Yes,Yes,Yes,No,Yes,Yes,Yes,No,No,Explicit + testable,"Contestability/recourse, Individual consistency, Other","Drift not addressed, Governance absent, Missing context assumptions, Other","Proposes a formally specified, preference-based user-side fairness audit for personalized recommenders via ??-envy-freeness and online bandit certification with conservative exploration guarantees, but it assumes stationarity and requires intrusive counterfactual exposure/randomization (raising privacy/ethics and deployment feasibility questions) and does not provide monitoring or revision governance once certified."
P055,P055 - Baker2022,Baker2022,2022,Other,Multi-task/Other,Conceptual,Journal,8.5,Pass,Yes,Yes,Yes,Yes,Yes,Yes,Yes,No,No,Explicit not testable,"Contextual/legal compliance, Error parity, Individual consistency, Other, Outcome parity, Procedural fairness","Drift not addressed, Governance absent, Missing context assumptions, Other","Synthesizes how algorithmic bias manifests across the educational ML lifecycle and which student groups are impacted, and proposes equity-oriented recommendations (data collection, tooling, incentives, stakeholder inclusion), but remains largely conceptual without concrete acceptance thresholds, operational monitoring, or deployment-ready governance procedures for ongoing bias management."
P056,P056 - Pradhan2022,Pradhan2022,2022,General,Classification,Prototype,Conference,8.5,Pass,Yes,Yes,Yes,No,Yes,Yes,Yes,No,No,Explicit + testable,"Error parity, Other, Outcome parity","Drift not addressed, Governance absent, Other","Provides a rigorous, testable framework and system (Gopher) for identifying training-data root causes of fairness violations via causal responsibility and pattern mining, but focuses on offline debugging interventions rather than operational monitoring, long-term governance, or stakeholder-driven acceptance thresholds."
P057,P057 - Black2022,Black2022,2022,General,Classification,Conceptual,Conference,8.5,Pass,Yes,Yes,Yes,Yes,Yes,Yes,Yes,No,Yes,Explicit not testable,"Contestability/recourse, Contextual/legal compliance, Error parity, Other, Outcome parity","Governance absent, No thresholds / acceptance criteria, Other","Clarifies that accuracy-maximization leaves substantial freedom among equally accurate models, creating both opportunities (optimize fairness, robustness, recourse) and risks (underspecification, proxy discrimination, loss of justifiability), and proposes meta-rules and aggregation to make selection non-arbitrary, but does not provide concrete operational monitoring or standardized acceptance thresholds for deployment governance."
P058,P058 - Mambreyan2022,Mambreyan2022,2022,Other,Classification,Prototype,Conference,8.5,Pass,Yes,Yes,Yes,No,Yes,Yes,Yes,No,Yes,Explicit + testable,"Contextual/legal compliance, Error parity, Other","Governance absent, Other, Unstable subgroup definitions","Shows that headline deception-detection performance can be largely explained by dataset bias (especially sex imbalance) and weak evaluation practices on small datasets, and calls for bias-aware dataset design and sanity checks, but does not provide a deployment-ready fairness requirement with acceptance thresholds or monitoring/revision governance."
P059,P059 - Kesgin2025,Kesgin2025,2025,Other,Classification,Prototype,Journal,9,Pass,Yes,Yes,Yes,No,Yes,Yes,Yes,No,Yes,Explicit + testable,"Error parity, Other, Outcome parity, Procedural fairness","Monitoring without triggers, No revision process/ownership, Other","Provides a reproducible education-domain pipeline that combines performance evaluation, SHAP/LIME interpretability, and DP/EO fairness auditing with adversarial debiasing (including socioeconomic and intersectional analyses), but remains an offline study without a concrete in-situ monitoring and governance process for deployed early-warning systems."
P060,P060 - Wang2022REVISE,Wang2022REVISE,2022,General,CV,Prototype,Journal,9,Pass,Yes,Yes,Yes,No,Yes,Yes,Yes,No,No,Explicit + testable,"Other, Procedural fairness","Other, Unstable subgroup definitions","Provides a pre-deployment, dataset-centric auditing tool that operationalizes many bias dimensions in visual datasets and suggests mitigation actions, but leaves normative judgments and governance of interventions to users and does not define monitoring/revision processes for deployed pipelines."
P061,P061 - Ghai2023DBIAS,Ghai2023DBIAS,2023,General,Decision support,Prototype,Journal,10,Pass,Yes,Yes,Yes,Yes,Yes,Yes,Yes,No,No,Explicit + testable,"Error parity, Individual consistency, Other, Outcome parity, Procedural fairness","Missing context assumptions, Other, Unstable subgroup definitions","Provides an end-to-end HITL causal-model-based workflow to audit and mitigate bias in tabular datasets with explicit fairness/utility/distortion metrics and empirical/user-study evaluation, but does not define deployment-time monitoring or governance for how debiasing decisions should be managed over time."
P062,P062 - Qin2026Prune,qin2026prune,2026,General,Classification,Prototype,Journal,8.5,Pass,Yes,Yes,Yes,No,Yes,Yes,Yes,No,No,Explicit + testable,"Error parity, Individual consistency, Other, Outcome parity","Missing context assumptions, No thresholds / acceptance criteria, Other","Shows that pruning sensitive-attribute inputs in pre-trained DNNs is a practical post-processing method that tends to preserve accuracy and support individual-fairness enforcement, but yields inconsistent group-fairness improvements and lacks explicit acceptance thresholds or lifecycle governance for deployment-time monitoring and revision."
P063,P063 - Beutel2019PairwiseRecFair,Beutel2019PairwiseRecFair,2019,General,Ranking,Deployed,Conference,8.5,Pass,Yes,Yes,Yes,No,Yes,Yes,Yes,No,No,Explicit + testable,"Error parity, Other, Outcome parity","Missing context assumptions, No thresholds / acceptance criteria, Other","Operationalizes recommender ranking fairness with experimentally measurable pairwise metrics and a training-time regularizer that closes inter-group under-ranking gaps in production, but does not state explicit acceptance thresholds or provide lifecycle monitoring/revision governance beyond periodic experimental evaluation."
P064,P064 - Merchant2023GNNTradeoffs,Merchant2023GNNTradeoffs,2023,General,Classification,Prototype,Conference,8.5,Pass,Yes,Yes,Yes,No,Yes,Yes,Yes,No,No,Explicit + testable,"Error parity, Other, Outcome parity","Governance absent, No thresholds / acceptance criteria, Other","Provides explicit, testable fairness operationalization for GNN node classification (??SP/??EO) and shows mitigation tradeoffs via pre- and post-processing interventions, but it is evaluation/benchmarking-focused with no stakeholder elicitation, no explicit acceptance thresholds for deployment, and no monitoring/revision governance for long-term validity."
P065,P065 - Liu2023,Liu2023,2023,General,Classification,Conceptual,Conference,6.5,Pass,No,Yes,No,No,Yes,Yes,Yes,No,No,Explicit + testable,"Error parity, Other, Outcome parity","Drift not addressed, Governance absent, No revision process/ownership, No thresholds / acceptance criteria","Formally specifies and operationalizes structural (degree-based) fairness for GNN node classification via DSP/DEO and ??DSP/??DEO metrics with an in-processing debiasing architecture (DegFairGNN), but does not define acceptance thresholds or any monitoring/revision/governance process to sustain fairness over time."
P066,P066 - Zhang2023,Zhang2023,2023,General,Classification,Conceptual,Journal,4.5,Pass,No,Yes,No,No,Yes,Yes,Yes,No,No,Implicit,"Other, Outcome parity","Drift not addressed, Governance absent, No revision process/ownership, No thresholds / acceptance criteria, Other","Proposes an in-processing GNN mitigation (FPGNN) targeting sensitive-attribute leakage from high-degree nodes via fair-path random walks and adversarial learning, and reports offline experiments on three datasets, but the abstract does not provide explicit fairness requirement thresholds, acceptance criteria, or any monitoring/revision governance for fairness over time."
P067,P067 - CorbettDavies2023MeasureMismeasure,CorbettDavies2023MeasureMismeasure,2023,General,Decision support,Conceptual,Journal,9.5,Pass,Yes,Yes,Yes,No,Yes,Yes,Yes,No,No,Explicit not testable,"Contextual/legal compliance, Error parity, Other, Outcome parity","Governance absent, Missing context assumptions, No thresholds / acceptance criteria, Other","Critiques parity-based and attribute-effect fairness constraints as often producing Pareto-dominated policies and argues for policy-aligned, consequence-based design, but does not provide concrete operational acceptance thresholds or lifecycle monitoring/revision mechanisms for maintaining fairness requirements over time."
P068,P068 - Jung2024CounterfactuallyFairImages,Jung2024CounterfactuallyFairImages,2024,General,CV,Prototype,Conference,10,Pass,Yes,Yes,Yes,Yes,Yes,Yes,Yes,No,No,Explicit + testable,"Error parity, Individual consistency, Other","Drift not addressed, Governance absent, No thresholds / acceptance criteria, Other","Provides strong dataset+metric operationalization and evidence that CF does not imply EO-based group fairness in image settings (due to latent shortcut attribute G), but does not define acceptance thresholds, monitoring signals, or revision/governance mechanisms for maintaining fairness over time in deployment."
P069,P069 - Luo2024FairCLIP,Luo2024FairCLIP,2024,Healthcare,Multi-task/Other,Prototype,Conference,9,Pass,Yes,Yes,Yes,Yes,Yes,Yes,Yes,No,No,Explicit + testable,"Error parity, Other, Outcome parity","Drift not addressed, Governance absent, No revision process/ownership, No thresholds / acceptance criteria","Provides a fairness-oriented multimodal clinical dataset and an OT-based in-training mitigation (FairCLIP) with clear group metrics, but does not specify deployment-time acceptance thresholds, monitoring signals, or revision governance for sustaining fairness in clinical use."
P070,P070 - Rateike2024LongTermPolicies,Rateike2024LongTermPolicies,2024,Lending,Decision support,Conceptual,Conference,8.5,Pass,Yes,Yes,Yes,No,Yes,Yes,Yes,No,No,Explicit + testable,"Error parity, Other, Outcome parity","Drift not addressed, Governance absent, No revision process/ownership","Provides a formal, testable long-term fairness specification and policy optimization framework for dynamical decision systems with explicit ??-level constraints, but does not address deployment-time monitoring, drift handling, or governance/ownership for revising fairness targets and policies in practice."
P071,P071 - Blandin2024FairIRL,Blandin2024FairIRL,2024,General,Classification,Prototype,Conference,10,Pass,Yes,Yes,Yes,Yes,Yes,Yes,Yes,No,No,Explicit + testable,"Error parity, Other, Outcome parity","Drift not addressed, Governance absent, No revision process/ownership","Provides an explicit, testable operationalization of ??fairness preferences?? via learned reward weights and demonstrates cross-domain transfer under covariate shift, but does not specify deployment-time monitoring, acceptance thresholds for release, or governance for revising fairness preferences over time."
P072,P072 - Han2024SFairGNN,Han2024SFairGNN,2024,General,Classification,Prototype,Journal,8.5,Pass,Yes,Yes,Yes,No,Yes,Yes,Yes,No,No,Explicit + testable,"Other, Procedural fairness","Drift not addressed, Governance absent, No revision process/ownership, No thresholds / acceptance criteria","Introduces measurable ??structure fairness?? for GNNs and a mitigation (SFairGNN) with strong offline evaluation, but lacks explicit acceptance thresholds and does not address deployment-time monitoring or revision governance as graph structures and populations evolve."
P073,P073 - Li2025PAMI (SFairGNN / structure fairness),Li2025PAMI,2025,General,Classification,Prototype,Journal,8.5,Pass,Yes,Yes,Yes,No,Yes,Yes,Yes,No,No,Explicit + testable,"Other, Procedural fairness","Drift not addressed, Governance absent, No revision process/ownership, No thresholds / acceptance criteria","Provides a measurable definition of structure fairness for GNNs (via PCC/STD over centrality) and an effective mitigation (SFairGNN) with extensive offline evaluation, but lacks explicit acceptance thresholds and does not address deployment-time monitoring or requirements revision/governance as graph structure and populations change."
P074,P074 - Pham2025 (FAIREDU),Pham2025FAIREDU,2025,Other,Classification,Prototype,Journal,8,Pass,Yes,Yes,No,No,Yes,Yes,Yes,No,No,Explicit not testable,Outcome parity,"Drift not addressed, Governance absent, No revision process/ownership, No thresholds / acceptance criteria","Provides an offline fairness-mitigation method (FAIREDU) for educational ML that improves group disparity metrics across multiple sensitive features while preserving performance, but does not specify explicit acceptance thresholds or any deployment-time monitoring and revision governance."
P075,P075 - Abbas2025 (SME lending; mixed-methods),Abbas2025LendingByAlgorithm,2025,Lending,Classification,Prototype,Journal,8,Pass,Yes,Yes,Yes,Yes,Yes,Yes,Yes,No,No,Explicit not testable,"Error parity, Other, Outcome parity, Procedural fairness","Drift not addressed, Governance absent, No revision process/ownership, No thresholds / acceptance criteria, Unstable subgroup definitions","Combines offline credit-model fairness diagnostics with stakeholder interviews to surface misalignment between statistical and experiential fairness in SME lending, but does not specify measurable acceptance thresholds or any deployment-time monitoring and revision governance for fairness over time."
P076,P076 - Holstein2019,Holstein2019,2019,General,Multi-task/Other,Deployed,Conference,8.5,Pass,Yes,Yes,Yes,Yes,Yes,Yes,Yes,Yes,No,Implicit,"Contestability/recourse, Error parity, Other, Outcome parity, Procedural fairness","Missing context assumptions, Monitoring without triggers, No revision process/ownership, No thresholds / acceptance criteria, Other","Empirically elicits industry practitioners?? challenges/needs for fair ML across the development pipeline (data collection, auditing, debugging, human-in-the-loop biases), highlighting major socio-technical gaps and the absence of standardized, measurable acceptance criteria and revision governance for maintaining fairness requirements over time."
P077,P077 - Madaio2020,Madaio2020,2020,General,Multi-task/Other,Deployed,Conference,8.5,Pass,Yes,Yes,Yes,Yes,Yes,No,Yes,Yes,No,Explicit not testable,"Contestability/recourse, Other, Procedural fairness","Monitoring without triggers, No revision process/ownership, No thresholds / acceptance criteria, Other","Co-designs a lifecycle-structured AI fairness checklist with practitioners and surfaces organizational and sociocultural barriers, but does not operationalize fairness into measurable metrics/thresholds or specify monitoring triggers and revision governance for maintaining fairness requirements over time."
P078,P078 - Zhang2020,Zhang2020,2020,General,Classification,Prototype,Conference,8,Pass,Yes,Yes,No,No,Yes,Yes,Yes,No,No,Explicit + testable,"Individual consistency, Other","Drift not addressed, Governance absent, No revision process/ownership, No thresholds / acceptance criteria, Other","Proposes a scalable white-box fairness testing method (ADF) to generate many individual discriminatory instances for DNNs and show retraining reduces measured individual discrimination, but provides no acceptance thresholds, stakeholder elicitation, or deployment-time monitoring and revision governance to maintain fairness requirements over time."
P079,P079 - Sharma2019,Sharma2019,2019,General,Classification,Prototype,Conference,8,Pass,Yes,Yes,No,No,Yes,Yes,Yes,No,No,Explicit + testable,"Other, Procedural fairness","Drift not addressed, Governance absent, No revision process/ownership, No thresholds / acceptance criteria, Other","Introduces a formal, testable fairness-like requirement for the learning phase??balanced data usage??operationalized via metamorphic relations and model-equivalence checking across training-data transformations, but does not connect to protected-group fairness metrics, acceptance thresholds, or lifecycle monitoring and revision governance."
P080,P080 - Aggarwal2019,Aggarwal2019,2019,General,Classification,Prototype,Conference,8.5,Pass,Yes,Yes,No,No,Yes,Yes,Yes,No,No,Explicit + testable,,"Governance absent, No thresholds / acceptance criteria","Strong test-generation/validation for individual discrimination in black-box models, but no stakeholder elicitation, no acceptance thresholds, and no monitoring/revision governance."
P081,P081 - Bellamy2019,Bellamy2019,2019,General,Classification,Prototype,Preprint,8.5,Pass,Yes,Yes,Yes,No,Yes,Yes,Yes,No,No,Explicit not testable,,"Governance absent, No thresholds / acceptance criteria","Comprehensive fairness metrics+mitigation toolkit and pipeline abstractions, but it does not define domain-specific acceptance thresholds/decision rules and provides limited guidance on governance, monitoring, or revision in deployment."
P082,P082 - Black2020FlipTest,Black2020FlipTest,2020,General,Classification,Prototype,Conference,8.5,Pass,Yes,Yes,No,No,Yes,Yes,Yes,No,No,Explicit + testable,,"Governance absent, No thresholds / acceptance criteria","Strong black-box individual/subgroup discrimination testing and diagnostic reporting, but does not define deployment acceptance thresholds, monitoring signals, or a revision/ownership process."
P083,P083 - Li2025TOSEM,Li2025TOSEM,2025,Other,CV,Prototype,Journal,9,Pass,Yes,Yes,Yes,No,Yes,Yes,Yes,No,No,Explicit + testable,,"Monitoring without triggers, No revision process/ownership, No thresholds / acceptance criteria","Thorough empirical group-fairness testing for pedestrian detection with rich demographic/scenario labeling, but lacks explicit deployment acceptance criteria, monitoring, and revision governance for operational use."
P084,P084 - Brun2018,Brun2018,2018,General,Multi-task/Other,,Conference,7,Pass,No,No,Yes,Yes,Yes,No,Yes,No,No,Implicit,"Individual consistency, Other, Outcome parity",,Vision/call-to-action: fairness as a first-class software property; highlights RE/design/testing/verification challenges but provides no concrete operationalization or acceptance criteria.
P085,P085 - Cleary1966,Cleary1966,1966,General,Decision support,Deployed,Report/Standard,6.5,Pass,Yes,Yes,Yes,No,Yes,Yes,Yes,No,No,Explicit + testable,"Other, Outcome parity, Procedural fairness","Drift not addressed, No revision process/ownership, Other","Operationalizes fairness as predictive test bias (systematic subgroup prediction error) and evaluates it empirically across colleges, but does not address ongoing monitoring or adaptation of fairness criteria over time."
P086,P086 - Sunstein1994,Sunstein1994,1994,General,Multi-task/Other,,Journal,6.5,Pass,Yes,No,Yes,No,Yes,No,No,No,No,Explicit not testable,"Contextual/legal compliance, Other",,"Normative legal theory of equality-as-anticaste (linking liberty and equality) with empirical illustrations; no operationalized fairness metrics, decision thresholds, or implementation process artifacts."
P087,P087 - Anderson1999,Anderson1999,1999,General,Multi-task/Other,,Journal,6.5,Pass,Yes,No,Yes,No,Yes,No,No,No,No,Explicit not testable,"Contestability/recourse, Contextual/legal compliance, Other, Procedural fairness",,"Develops ""democratic equality"" as an anti-oppression ideal and critiques luck egalitarian compensation schemes, but does not operationalize fairness requirements into testable metrics or acceptance criteria."
P088,P088 - Bertrand2004,Bertrand2004,2004,Hiring,Classification,,Journal,9,Pass,Yes,No,Yes,No,Yes,Yes,Yes,No,No,Explicit not testable,"Other, Outcome parity, Procedural fairness",,"Provides strong empirical evidence of hiring discrimination via name signaling and unequal returns to credentials, but does not propose a fairness requirement specification with explicit thresholds, acceptance criteria, monitoring, or revision processes."
P089,P089 - PerryZarsky2014,PerryZarsky2014,2015,General,Multi-task/Other,,Journal,7.5,Pass,Yes,No,Yes,No,Yes,No,No,No,No,Explicit not testable,"Contextual/legal compliance, Other, Procedural fairness",,"Comprehensive normative framework for when lotteries are fair/efficient in legal allocation, but does not operationalize fairness into measurable system requirements, metrics, or monitoring/revision processes."
P090,P090 - Fishkin2014,Fishkin2014,2014,General,Multi-task/Other,,Journal,6.5,Pass,Yes,No,Yes,No,Yes,No,No,No,No,Explicit not testable,"Other, Procedural fairness",,"Conceptual theory of equal opportunity framed as reducing societal bottlenecks and expanding pluralistic pathways, but not operationalized into measurable requirements, metrics, acceptance criteria, or governance processes."
P091,P091 - MetcalfMoss2019,MetcalfMoss2019,2019,General,Multi-task/Other,Conceptual,Journal,7.5,Pass,Yes,Yes,Yes,Yes,Yes,Yes,No,No,No,Implicit,"Other, Procedural fairness","Governance absent, No thresholds / acceptance criteria, Other","Provides a qualitative account of how ??ethics owners?? institutionalize ethics inside tech firms and shows how corporate logics (meritocracy, technological solutionism, market fundamentalism) can turn ethics into performative checklists and risk-management, but it does not specify testable fairness requirements, metrics, thresholds, monitoring signals, or revision governance."
P092,P092 - PrinceSchwarcz2020,"Prince, Anya E.R., and Daniel Schwarcz. ""Proxy Discrimination in the Age of Artificial Intelligence and Big Data."" Iowa Law Review 105 (2020): 1257??1318. https://scholarship.law.umn.edu/faculty_articles/682",2020,General,,,Journal,8,Pass,Yes,Yes,Yes,No,Yes,Yes,No,No,No,Explicit not testable,"Contextual/legal compliance, Other, Procedural fairness","Governance absent, Missing context assumptions, Monitoring without triggers, No revision process/ownership, No thresholds / acceptance criteria, Other","Clarifies proxy discrimination as distinct from general disparate impact and argues AI systems will inevitably seek proxies for directly predictive protected traits, motivating policy/technical strategies (data collection, transparency, approved-factor rules, and de-proxying models) but without specifying implementable lifecycle monitoring/revision mechanisms."
P093,P093 - Hellman2020,"Hellman, Deborah. ""Measuring Algorithmic Fairness."" Virginia Law Review 106, no. 4 (June 2020): 811??866. https://www.jstor.org/stable/10.2307/27074708",2020,General,,,Journal,9,Pass,Yes,Yes,Yes,No,Yes,Yes,No,No,No,Explicit not testable,,"Governance absent, Missing context assumptions, Monitoring without triggers, No revision process/ownership, No thresholds / acceptance criteria, Other","Provides a clear conceptual, normative, and legal argument for prioritizing error-ratio concerns over calibration as a fairness signal and for permissibility of using protected traits to improve accuracy, but does not provide operational RE artifacts (elicitation, testable acceptance criteria, monitoring signals, or revision governance) to turn these fairness ideas into lifecycle requirements."
P094,P094 - Bietti2020FAccT,"Bietti, Elettra. ""From Ethics Washing to Ethics Bashing: A View on Tech Ethics from Within Moral Philosophy."" In Proceedings of the 2020 Conference on Fairness, Accountability, and Transparency (FAT\ '20)*, 210??219. Barcelona, Spain, Jan 27??30, 2020. ACM. https://doi.org/10.1145/3351095.3372860",2020,General,,,Conference,8,Pass,Yes,Yes,Yes,No,Yes,No,No,No,No,Implicit,,"Governance absent, Missing context assumptions, Monitoring without triggers, No revision process/ownership, No thresholds / acceptance criteria, Other","Provides a strong conceptual and normative governance critique of tech-ethics rhetoric (ethics washing vs ethics bashing) and defends moral philosophy as inquiry, but offers no operational RE artifacts (elicitation outputs, measurable acceptance criteria, monitoring signals, or revision ownership) for implementing governance over time."
P095,P095 - Biswas2023ICSE,"Biswas, Sumon, and Hridesh Rajan. ""Fairify: Fairness Verification of Neural Networks."" In 2023 IEEE/ACM 45th International Conference on Software Engineering (ICSE), 1546??1558. 2023. https://doi.org/10.1109/ICSE48619.2023.00134",2023,General,Classification,Prototype,Conference,9.5,Pass,Yes,Yes,Yes,Yes,Yes,Yes,Yes,No,No,Explicit + testable,,"Governance absent, Monitoring without triggers, No revision process/ownership, No thresholds / acceptance criteria, Other","Provides an explicit, testable specification and SMT-based certification/counterexample workflow for individual fairness (including relaxations and targeted queries) on already-trained ReLU neural networks, but does not define real-world acceptance criteria beyond time budgets nor provide monitoring/revision governance for maintaining fairness post-deployment."
P096,P096 - Chakraborty2020Fairway,"Chakraborty, Joymallya, Suvodeep Majumder, Zhe Yu, and Tim Menzies. ""Fairway: A Way to Build Fair ML Software."" In Proceedings of the 28th ACM Joint European Software Engineering Conference and Symposium on the Foundations of Software Engineering (ESEC/FSE '20), 654??665. Virtual Event, USA, Nov 8??13, 2020. ACM. https://doi.org/10.1145/3368089.3409697",2020,General,Classification,Prototype,Conference,9,Pass,Yes,Yes,Yes,Yes,Yes,Yes,Yes,No,No,Explicit + testable,"Error parity, Other, Outcome parity","Drift not addressed, Governance absent, Monitoring without triggers, No revision process/ownership, No thresholds / acceptance criteria, Other","Provides a concrete, implementable pipeline for bias detection (training-data ambiguity via group-conditioned models + situation testing) and mitigation (multi-objective hyperparameter optimization) with explicit group-fairness metrics, but does not specify deployment-time monitoring, drift handling, or clear acceptance thresholds/decision rules for when a model is ??fair enough.??"
P097,P097 - Kawamoto2020,"Kawamoto, Yusuke. ""Towards Logical Specification of Statistical Machine Learning."" arXiv:1907.10327v2 [cs.LO] (28 Mar 2020).",2020,General,Classification,Conceptual,Preprint,8,Pass,Yes,Yes,Yes,No,Yes,Yes,No,No,No,Explicit + testable,,"Governance absent, Monitoring without triggers, No revision process/ownership, No thresholds / acceptance criteria, Other","Introduces a rigorous logical specification framework (StatEL + distributional Kripke models + counterfactual epistemic operators) for performance, robustness, and fairness properties of classifiers, but does not provide empirical validation or scalable checking/model-checking procedures nor any deployment-time monitoring/revision governance."
P098,P098 - Li2024RUNNER,"Li, Tianlin, Yue Cao, Jian Zhang, Shiqian Zhao, Yihao Huang, Aishan Liu, Qing Guo, and Yang Liu. ""RUNNER: Responsible UNfair NEuron Repair for Enhancing Deep Neural Network Fairness."" In Proceedings of the 46th IEEE/ACM International Conference on Software Engineering (ICSE ??24), April 14??20, 2024, Lisbon, Portugal. ACM, 13 pages. https://doi.org/10.1145/3597503.3623334",2024,General,Classification,Prototype,Conference,9,Pass,Yes,Yes,Yes,No,Yes,Yes,Yes,No,No,Explicit + testable,"Error parity, Other, Outcome parity","Drift not addressed, Governance absent, Monitoring without triggers, No revision process/ownership, No thresholds / acceptance criteria, Other, Unstable subgroup definitions","Provides an efficient, interpretable diagnosis+repair loop for improving group fairness in DNNs (neuron-importance localization + activation-stabilizing retraining) validated on tabular and image datasets, but does not define acceptance thresholds/decision rules for ??fair enough?? nor any post-deployment monitoring and revision governance."
P099,P099 - Monjezi2023,"Monjezi, Verya, Gang Tan, Ashutosh Trivedi, and Saeid Tizpaz-Niari. ""Information-Theoretic Testing and Debugging of Fairness Defects in Deep Neural Networks."" In 2023 IEEE/ACM 45th International Conference on Software Engineering (ICSE). IEEE/ACM, 2023. https://doi.org/10.1109/ICSE48619.2023.00136",2023,General,Decision support,Prototype,Conference,9,Pass,Yes,Yes,Yes,No,Yes,Yes,Yes,No,No,Explicit + testable,"Error parity, Individual consistency, Other, Outcome parity","Drift not addressed, Governance absent, Monitoring without triggers, No revision process/ownership, No thresholds / acceptance criteria, Other, Unstable subgroup definitions","Introduces an information-theoretic, testable severity measure for individual fairness defects (QID in bits) and couples it with search-based test generation and causal neuron/layer localization to guide mitigation, but does not provide stakeholder-grounded acceptance thresholds or any deployment-time monitoring and revision governance for maintaining fairness under drift."
P100,P100 - Zheng2022NeuronFair,Zheng2022NeuronFair,2022,General,Classification,Prototype,Conference,7.5,Pass,No,Yes,No,No,Yes,Yes,Yes,No,No,Explicit + testable,"Individual consistency, Other","Drift not addressed, No revision process/ownership, No thresholds / acceptance criteria, Other","NeuronFair operationalizes fairness as individual discrimination (IDIs) and proposes an interpretable white-box testing pipeline (ActDiff/AS curve/AUC, biased-neuron-guided generation) validated on multiple datasets, but does not provide lifecycle monitoring or revision mechanisms beyond pre-deployment testing."
P101,P101 - Raji2022,"Raji, Inioluwa Deborah, I. Elizabeth Kumar, Aaron Horowitz, and Andrew D. Selbst. ??The Fallacy of AI Functionality.?? In Proceedings of the 2022 ACM Conference on Fairness, Accountability, and Transparency (FAccT ??22), June 21??24, 2022, Seoul, Republic of Korea. ACM. https://doi.org/10.1145/3531146.3533158",2022,General,Unknown,Conceptual,Conference,8,Pass,Yes,Yes,Yes,No,Yes,No,No,No,No,Explicit not testable,"Contestability/recourse, Contextual/legal compliance, Other, Procedural fairness",Other,"Provides a cross-domain taxonomy of AI ??dysfunction?? and argues that basic functional performance should be treated as a first-order accountability requirement, but does not operationalize this into testable requirements, metrics/thresholds, or concrete lifecycle monitoring/revision procedures."
P102,P102 - Sharma2020,"Sharma, Arnab, and Heike Wehrheim. ??Automatic Fairness Testing of Machine Learning Models.?? In Testing Software and Systems (ICTSS 2020), 32nd IFIP International Conference on Testing Software and Systems, Naples, Italy, Dec 2020, pp. 255??271. Springer. https://doi.org/10.1007/978-3-030-64881-7_16. HAL: hal-03239825 (submitted 27 May 2021): https://inria.hal.science/hal-03239825v1",2020,General,Classification,Prototype,Conference,8,Pass,Yes,Yes,Yes,No,Yes,Yes,Yes,No,No,Explicit + testable,"Individual consistency, Other, Outcome parity","Drift not addressed, No revision process/ownership, No thresholds / acceptance criteria, Other","Introduces a formal, testable fairness-specification language and a verification-based testing (SMT/Z3) method that finds discriminatory counterexample pairs more effectively than prior black-box fairness testers on standard tabular benchmarks, but does not provide deployment-time monitoring/revision or clear acceptance criteria for declaring a model sufficiently fair."
P103,P103 - Pager2008,"Pager, Devah, and Hana Shepherd. ??The Sociology of Discrimination: Racial Discrimination in Employment, Housing, Credit, and Consumer Markets.?? Annual Review of Sociology 34 (2008): 181??209. First published online March 17, 2008. https://doi.org/10.1146/annurev.soc.33.040406.131740",2008,General,Unknown,Conceptual,Journal,8.5,Pass,Yes,Yes,Yes,No,Yes,Yes,No,No,No,Explicit not testable,"Contextual/legal compliance, Other, Procedural fairness",Other,"Provides a cross-domain synthesis of how racial discrimination is defined, measured (including differential treatment vs disparate impact), and explained via individual/organizational/structural mechanisms, but does not operationalize this into system-level fairness requirements, metrics/thresholds, or lifecycle governance practices."
P104,P104 - Chen2025TNNLS,"Chen, Huiqiang, Tianqing Zhu, Wanlei Zhou, and Wei Zhao. ??AFed: Algorithmic Fair Federated Learning.?? IEEE Transactions on Neural Networks and Learning Systems 36, no. 8 (Aug 2025). DOI: https://doi.org/10.1109/TNNLS.2025.3528012.",2025,General,Classification,Prototype,Journal,8.5,Pass,Yes,Yes,Yes,No,Yes,Yes,Yes,No,No,Explicit + testable,"Other, Outcome parity","Drift not addressed, No revision process/ownership, No thresholds / acceptance criteria, Other","Proposes AFed-G/AFed-GAN, a practical FL framework to improve demographic-parity group fairness under non-i.i.d. client data by learning a global latent distribution via conditional generative models and using generated-sample mixup regularization, but does not specify deployment-time monitoring/revision or concrete acceptance thresholds for deciding when fairness is sufficient."
P105,P105 - Buolamwini2018,"Buolamwini, Joy, and Timnit Gebru. ??Gender Shades: Intersectional Accuracy Disparities in Commercial Gender Classification.?? In Proceedings of Machine Learning Research, vol. 81, Conference on Fairness, Accountability, and Transparency (FAT*), 2018, pp. 1??15. (PPB dataset: http://gendershades.org/)",2018,General,CV,Deployed,Conference,9,Pass,Yes,Yes,Yes,No,Yes,Yes,Yes,No,No,Explicit + testable,"Contestability/recourse, Other, Outcome parity, Procedural fairness",Other,"Demonstrates large intersectional performance disparities in commercial gender classification and shows that benchmark composition hides these gaps, motivating fairness requirements for disaggregated evaluation and representative datasets, but it does not propose deployment monitoring/revision or quantitative acceptance thresholds for when performance is ??fair enough??."
P106,P106 - Borkan2019WWW,"Borkan, Daniel, Lucas Dixon, Jeffrey Sorensen, Nithum Thain, and Lucy Vasserman. ??Nuanced Metrics for Measuring Unintended Bias with Real Data for Text Classification.?? In Companion Proceedings of the 2019 World Wide Web Conference (WWW ??19 Companion), May 13??17, 2019, San Francisco, CA, USA. ACM, 10 pages. https://doi.org/10.1145/3308560.3317593",2019,General,NLP,Deployed,Conference,8.5,Pass,Yes,Yes,Yes,No,Yes,Yes,Yes,No,No,Explicit + testable,"Error parity, Other, Outcome parity","No thresholds / acceptance criteria, Other","Introduces a robust, threshold-agnostic metric suite and a large identity-labeled real-comment test set for diagnosing unintended identity bias in toxicity classifiers via score-distribution analysis, but leaves acceptance thresholds and deployment-time monitoring/revision processes unspecified."
P107,P107 - Calmon2017NeurIPS,"Calmon, Flavio P., Dennis Wei, Bhanukiran Vinzamuri, Karthikeyan Natesan Ramamurthy, and Kush R. Varshney. ""Optimized Pre-Processing for Discrimination Prevention."" In Advances in Neural Information Processing Systems (NeurIPS), 2017.",2017,Policing,Classification,,Conference,8.5,Pass,Yes,Yes,Yes,No,Yes,Yes,Yes,No,No,Explicit + testable,,"Governance absent, No thresholds / acceptance criteria, Other","Provides a rigorous, testable optimization framework for pre-processing to reduce group discrimination with individual distortion and utility constraints, but does not address stakeholder elicitation, deployment-time monitoring, or governance/revision processes beyond offline evaluation trade-offs."
P108,P108 - Kilbertus2017NeurIPS,"Kilbertus, Niki, Mateo Rojas-Carulla, Giambattista Parascandolo, Moritz Hardt, Dominik Janzing, and Bernhard Sch??lkopf. ""Avoiding Discrimination through Causal Reasoning."" In Advances in Neural Information Processing Systems (NeurIPS), 2017.",2017,General,Classification,,Conference,7.5,Pass,Yes,Yes,Yes,No,Yes,Yes,No,No,No,Explicit + testable,,"Governance absent, Missing context assumptions, No thresholds / acceptance criteria, Other","Provides clear, testable causal definitions and constructive procedures for avoiding certain forms of discrimination, but depends on strong causal-model assumptions and does not address stakeholder elicitation, acceptance criteria, or deployment-time monitoring/revision governance."
P109,P109 - Pleiss2017NeurIPS,"Pleiss, Geoff, Manish Raghavan, Felix Wu, Jon Kleinberg, and Kilian Q. Weinberger. ""On Fairness and Calibration."" In Advances in Neural Information Processing Systems (NeurIPS), 2017.",2017,Policing,Classification,,Conference,9,Pass,Yes,Yes,Yes,No,Yes,Yes,Yes,No,No,Explicit + testable,,"Governance absent, No thresholds / acceptance criteria, Other","Provides rigorous, testable results on calibration??fairness incompatibilities and an optimal (but ethically troubling) randomized post-processing for calibrated parity, yet offers no stakeholder elicitation, acceptance criteria, or deployment-time monitoring/revision guidance for choosing among incompatible fairness goals."
P110,P110 - She2025FairSense,She2025FairSense,2025,Other,Classification,Prototype,Conference,7.5,Pass,Yes,Yes,Yes,No,Yes,Yes,Yes,Yes,No,Explicit + testable,"Error parity, Other, Outcome parity","Monitoring without triggers, No revision process/ownership, Other","Provides simulation-based, design-time evaluation of long-term fairness under feedback loops with sensitivity and trade-off analysis across three case studies, but does not specify acceptance thresholds or an explicit post-deployment revision/ownership process in the provided excerpts."
